"idepsp","tmstinj"
"KPEP00000019174010","2026-08-01 09:35:30.930006"
"KPEP00000027402012","2026-08-01 09:34:45.072407"
"KPEP00000029783614","2026-08-01 09:36:49.722639"
"KPEP00000032964428","2026-08-01 09:36:05.145037"
"KPEP00000034168717","2026-08-01 09:35:45.330155"
"KPEP00000034278018","2026-08-01 09:35:22.069828"
"KPEP00000038178707","2026-08-01 09:37:16.464208"
"KPEP00000042658230","2026-08-01 09:36:08.986308"
"KPEP00000050072038","2026-08-01 09:37:16.308494"
"KPEP00000051589913","2026-08-01 09:37:10.061579"
"KPEP00000054019028","2026-08-01 09:36:02.26991"
"KPEP00000054384933","2026-07-28 14:07:25.379394"
"KPEP00000055172109","2026-08-01 09:35:25.762807"
"KPEP00000056123026","2026-08-01 09:35:33.115827"
"KPEP00000057345933","2026-07-31 12:41:10.112275"
"KPEP00000060888006","2026-08-01 09:35:50.776966"
"KPEP00000061314529","2026-08-01 09:36:25.326205"
"KPEP00000061810230","2026-08-01 09:37:00.256548"
"KPEP00000062944937","2026-08-01 09:36:26.434115"
"KPEP00000063042303","2026-08-01 09:37:01.676301"
"KPEP00000066799931","2026-08-01 09:37:23.860083"
"KPEP00000067901341","2026-08-01 09:35:01.983717"
"KPEP00000072509103","2026-08-01 09:34:58.763662"
"KPEP00000073285438","2026-08-01 09:35:25.350475"
"KPEP00000076426937","2026-08-01 09:36:30.711787"
"KPEP00000077006840","2026-08-01 09:34:30.183415"
"KPEP00000088565804","2026-08-01 09:37:02.899969"
"KPEP00000089402513","2026-08-01 09:35:10.671737"
"KPEP00000092593907","2026-08-01 09:34:46.744215"
"KPEP00000099869115","2026-08-01 09:35:11.899632"
"KPEP00000100574715","2026-08-01 09:36:19.234166"
"KPEP00000100943204","2026-08-01 09:34:43.084738"
"KPEP00000106936503","2026-08-01 09:36:40.782594"
"KPEP00000109030224","2026-08-01 09:35:44.346032"
"KPEP00000111287038","2026-08-01 09:34:42.763618"
"KPEP00000115712222","2026-08-01 09:37:27.289915"
"KPEP00000116734135","2026-08-01 09:36:13.953864"
"KPEP00000125599224","2026-08-01 09:35:17.134174"
"KPEP00000125950004","2026-08-01 09:36:53.780509"
"KPEP00000136147705","2026-08-01 09:36:50.643693"
"KPEP00000136168705","2026-08-01 09:34:52.916095"
"KPEP00000137027323","2026-08-01 09:36:22.995105"
"KPEP00000138477030","2026-08-01 09:35:34.688007"
"KPEP00000144532521","2026-08-01 09:35:03.282511"
"KPEP00000145505204","2026-08-01 09:37:27.114272"
"KPEP00000145510111","2026-08-01 09:35:33.918271"
"KPEP00000148625602","2026-08-01 09:34:47.873495"
"KPEP00000150676515","2026-08-01 09:37:28.207204"
"KPEP00000151034626","2026-08-01 09:35:22.473185"
"KPEP00000152225406","2026-08-01 09:37:04.481832"
"KPEP00000152252929","2026-08-01 09:35:23.278056"
"KPEP00000153890525","2026-08-01 09:37:19.837574"
"KPEP00000160145032","2026-08-01 09:36:14.430198"
"KPEP00000161915715","2026-08-01 09:36:12.176508"
"KPEP00000162328931","2026-08-01 09:35:45.518977"
"KPEP00000164108115","2026-08-01 09:36:20.328851"
"KPEP00000170252715","2026-08-01 09:37:18.513292"
"KPEP00000170322137","2026-08-01 09:34:51.355329"
"KPEP00000174016521","2026-08-01 09:35:35.210267"
"KPEP00000174029121","2026-08-01 09:34:59.945383"
"KPEP00000178369135","2026-08-01 09:35:45.526918"
"KPEP00000178792325","2026-08-01 09:35:48.560724"
"KPEP00000182540240","2026-08-01 09:35:44.466997"
"KPEP00000182805202","2026-08-01 09:34:50.207717"
"KPEP00000182990709","2026-08-01 09:36:25.173737"
"KPEP00000193486711","2026-08-01 09:35:02.222365"
"KPEP00000193970014","2026-08-01 09:35:20.545054"
"KPEP00000194230717","2026-08-01 09:35:40.377746"
"KPEP00000199035719","2026-08-01 09:34:31.939528"
"KPEP00000199816313","2026-08-01 09:35:48.102975"
"KPEP00000201356804","2026-08-01 09:36:10.81006"
"KPEP00000209463511","2026-08-01 09:37:23.184726"
"KPEP00000212252513","2026-08-01 09:36:16.505851"
"KPEP00000218222228","2026-08-01 09:36:46.223244"
"KPEP00000220166020","2026-08-01 09:36:38.909576"
"KPEP00000220326428","2026-08-01 09:35:30.526325"
"KPEP00000221301434","2026-08-01 09:35:44.80775"
"KPEP00000221555917","2026-08-01 09:36:28.67152"
"KPEP00000226844828","2026-07-25 07:37:31.219879"
"KPEP00000228435012","2026-08-01 09:37:28.354721"
"KPEP00000229924901","2026-08-01 09:34:51.893896"
"KPEP00000230366204","2026-08-01 09:35:37.267551"
"KPEP00000231627012","2026-08-01 09:34:27.188158"
"KPEP00000238423723","2026-08-01 09:34:27.525896"
"KPEP00000249804309","2026-08-01 09:35:10.322712"
"KPEP00000250029030","2026-08-01 09:36:49.104504"
"KPEP00000256706424","2026-08-01 09:37:24.478143"
"KPEP00000257056135","2026-08-01 09:35:21.836547"
"KPEP00000258364313","2026-08-01 09:36:33.016824"
"KPEP00000263803010","2026-08-01 09:34:39.268762"
"KPEP00000264007741","2026-08-01 09:35:17.927821"
"KPEP00000265114319","2026-08-01 09:36:12.027139"
"KPEP00000265517721","2026-08-01 09:34:29.09273"
"KPEP00000271192022","2026-08-01 09:34:50.129708"
"KPEP00000272510721","2026-08-01 09:35:02.513502"
"KPEP00000275966614","2026-08-01 09:35:59.62274"
"KPEP00000280262608","2026-08-01 09:34:55.861112"
"KPEP00000284927133","2026-08-01 09:35:36.366792"
"KPEP00000285533911","2026-08-01 09:35:45.17412"
"KPEP00000290861834","2026-08-01 09:37:26.502491"
"KPEP00000294065929","2026-08-01 09:36:03.716913"
"KPEP00000301649917","2026-08-01 09:36:49.56886"
"KPEP00000308240626","2026-08-01 09:34:34.523819"
"KPEP00000309331717","2026-08-01 09:36:44.076521"
"KPEP00000310342200","2026-08-01 09:36:30.083594"
"KPEP00000312819838","2026-08-01 09:37:19.023881"
"KPEP00000313438307","2026-08-01 09:05:44.624671"
"KPEP00000315498529","2026-08-01 09:36:39.06128"
"KPEP00000317659711","2026-08-01 09:36:30.394044"
"KPEP00000319170339","2026-08-01 09:37:01.510933"
"KPEP00000320302521","2026-08-01 09:34:48.365876"
"KPEP00000328681117","2026-08-01 09:36:33.479809"
"KPEP00000330937830","2026-08-01 09:34:48.107358"
"KPEP00000336037337","2026-08-01 09:37:17.716939"
"KPEP00000336892622","2026-08-01 09:34:47.380597"
"KPEP00000338020200","2026-07-31 17:05:26.111218"
"KPEP00000338136327","2026-08-01 09:35:28.418332"
"KPEP00000341216400","2026-08-01 09:34:51.514934"
"KPEP00000345741618","2026-08-01 09:35:27.461864"
"KPEP00000346839131","2026-08-01 09:34:56.57947"
"KPEP00000346975004","2026-08-01 09:35:20.20878"
"KPEP00000347190012","2026-08-01 09:37:14.366643"
"KPEP00000350196101","2026-08-01 09:36:09.300256"
"KPEP00000350724939","2026-08-01 09:34:35.370292"
"KPEP00000356842016","2026-08-01 09:36:48.619573"
"KPEP00000357170020","2026-08-01 09:34:49.61914"
"KPEP00000357938014","2026-08-01 09:35:27.174141"
"KPEP00000358524339","2026-08-01 09:37:01.359101"
"KPEP00000361442531","2026-08-01 09:35:28.363774"
"KPEP00000364155226","2026-08-01 09:34:33.697724"
"KPEP00000365780929","2026-08-01 09:36:05.458658"
"KPEP00000366849909","2026-08-01 09:36:45.165974"
"KPEP00000374235933","2026-08-01 09:34:41.600984"
"KPEP00000376425404","2026-08-01 09:35:22.784562"
"KPEP00000376537533","2026-08-01 09:35:49.829405"
"KPEP00000377077212","2026-08-01 09:36:50.799829"
"KPEP00000382381610","2026-08-01 09:37:06.657119"
"KPEP00000382619537","2026-08-01 09:34:50.306894"
"KPEP00000384759517","2026-08-01 09:37:15.667297"
"KPEP00000385585604","2026-08-01 09:37:04.636483"
"KPEP00000394713719","2026-08-01 09:36:41.101321"
"KPEP00000394907323","2026-08-01 09:37:23.033655"
"KPEP00000395277933","2026-08-01 09:35:30.369916"
"KPEP00000396965020","2026-08-01 09:37:23.536633"
"KPEP00000397158725","2026-08-01 09:37:12.510533"
"KPEP00000414138416","2026-08-01 09:36:06.233057"
"KPEP00000415209012","2026-08-01 09:36:24.567498"
"KPEP00000415228539","2026-08-01 09:36:56.844091"
"KPEP00000415869119","2026-08-01 09:37:20.78889"
"KPEP00000416674812","2026-08-01 09:35:42.396377"
"KPEP00000419516537","2026-08-01 09:35:49.015493"
"KPEP00000420374406","2026-08-01 09:34:54.314112"
"KPEP00000421544935","2026-08-01 09:37:02.749261"
"KPEP00000422776200","2026-08-01 09:35:27.838068"
"KPEP00000425241802","2026-08-01 09:34:41.115082"
"KPEP00000425837638","2026-08-01 09:35:03.061378"
"KPEP00000427929701","2026-08-01 09:36:00.885135"
"KPEP00000428400404","2026-08-01 09:36:01.813131"
"KPEP00000428764836","2026-08-01 09:35:47.459324"
"KPEP00000432046408","2026-08-01 09:35:02.685876"
"KPEP00000434234810","2026-08-01 09:35:16.772052"
"KPEP00000437462935","2026-08-01 09:34:34.209185"
"KPEP00000439948527","2026-08-01 09:34:35.681905"
"KPEP00000441141327","2026-08-01 09:35:07.886411"
"KPEP00000462029139","2026-08-01 09:05:44.703961"
"KPEP00000462500608","2026-08-01 09:37:12.359552"
"KPEP00000467848723","2026-08-01 09:35:41.179542"
"KPEP00000468960511","2026-08-01 09:35:05.346012"
"KPEP00000469387901","2026-08-01 09:36:59.804483"
"KPEP00000471363921","2026-08-01 09:36:08.532179"
"KPEP00000471765101","2026-08-01 09:35:00.705617"
"KPEP00000474828416","2026-08-01 09:34:57.237008"
"KPEP00000477342339","2026-08-01 09:36:45.919652"
"KPEP00000478227327","2026-08-01 09:35:15.729638"
"KPEP00000478283501","2026-08-01 09:34:53.116643"
"KPEP00000478863303","2026-08-01 09:36:56.997534"
"KPEP00000489400741","2026-08-01 09:37:22.097747"
"KPEP00000490859412","2026-08-01 09:35:03.456017"
"KPEP00000493790911","2026-08-01 09:37:16.923568"
"KPEP00000494596402","2026-08-01 09:34:25.454676"
"KPEP00000497686735","2026-08-01 09:35:56.09035"
"KPEP00000497757529","2026-08-01 09:37:03.851011"
"KPEP00000498686436","2026-08-01 09:35:24.062973"
"KPEP00000500085440","2026-08-01 09:35:21.061615"
"KPEP00000503100232","2026-08-01 09:35:42.6588"
"KPEP00000505072212","2026-08-01 09:35:36.521309"
"KPEP00000507853319","2026-08-01 09:35:22.726171"
"KPEP00000514106311","2026-08-01 09:34:51.503882"
"KPEP00000514401624","2026-08-01 09:35:14.742958"
"KPEP00000517190929","2026-08-01 09:34:55.945836"
"KPEP00000521875907","2026-08-01 09:34:31.454062"
"KPEP00000534193800","2026-07-24 12:30:02.071398"
"KPEP00000534512234","2026-08-01 09:36:02.943285"
"KPEP00000541832329","2026-08-01 09:35:16.081521"
"KPEP00000544944832","2026-08-01 09:35:00.514901"
"KPEP00000545719812","2026-08-01 09:36:04.338098"
"KPEP00000550448406","2026-08-01 09:36:40.475826"
"KPEP00000551987121","2026-08-01 09:34:37.660398"
"KPEP00000552408535","2026-08-01 09:36:23.62184"
"KPEP00000553117628","2026-08-01 09:34:57.407162"
"KPEP00000553169804","2026-08-01 09:36:44.845503"
"KPEP00000554422515","2026-08-01 09:35:42.309289"
"KPEP00000555013301","2026-08-01 09:35:39.328017"
"KPEP00000555126903","2026-08-01 09:36:07.148955"
"KPEP00000560948709","2026-08-01 09:35:01.632012"
"KPEP00000562493703","2026-08-01 09:35:42.968189"
"KPEP00000567953602","2026-08-01 09:36:52.388932"
"KPEP00000568636931","2026-08-01 09:35:15.381471"
"KPEP00000569551016","2026-08-01 09:35:34.859547"
"KPEP00000569809236","2026-08-01 09:35:07.764653"
"KPEP00000572852923","2026-08-01 09:35:21.111788"
"KPEP00000573266240","2026-08-01 09:35:29.548258"
"KPEP00000573654012","2026-08-01 09:36:42.18982"
"KPEP00000573711541","2026-07-23 14:53:32.407797"
"KPEP00000579200638","2026-08-01 09:37:12.977728"
"KPEP00000581979523","2026-08-01 09:36:56.36036"
"KPEP00000583143933","2026-08-01 09:36:34.74243"
"KPEP00000587699216","2026-08-01 09:05:44.055714"
"KPEP00000588435933","2026-08-01 09:34:53.466128"
"KPEP00000589145733","2026-08-01 09:35:40.213548"
"KPEP00000590013921","2026-08-01 09:36:59.340586"
"KPEP00000592007204","2026-08-01 09:35:22.569933"
"KPEP00000592051426","2026-08-01 09:37:12.663655"
"KPEP00000630140923","2026-08-01 09:34:50.82372"
"KPEP00000634286727","2026-08-01 09:36:28.50366"
"KPEP00000649323838","2026-08-01 09:35:16.085471"
"KPEP00000661947725","2026-08-01 09:35:59.778285"
"KPEP00000669408238","2026-08-01 09:36:52.855668"
"KPEP00000673449606","2026-08-01 09:37:22.874324"
"KPEP00000688740434","2026-08-01 09:36:57.310418"
"KPEP00000695585727","2026-07-28 10:15:04.133347"
"KPEP00000698542224","2026-08-01 09:35:55.323923"
"KPEP00000704891614","2026-08-01 09:35:36.011545"
"KPEP00000707005123","2026-08-01 09:35:34.004076"
"KPEP00000717385402","2026-08-01 09:35:42.482347"
"KPEP00000718030527","2026-08-01 09:35:12.859425"
"KPEP00000718464903","2026-08-01 09:37:00.749242"
"KPEP00000722466535","2026-08-01 09:34:48.611362"
"KPEP00000728836117","2026-08-01 09:35:56.872767"
"KPEP00000731605028","2026-08-01 09:36:00.412054"
"KPEP00000737979921","2026-08-01 09:36:15.392086"
"KPEP00000738535937","2026-08-01 09:35:02.460693"
"KPEP00000741095210","2026-08-01 09:35:27.77521"
"KPEP00000741808141","2026-08-01 09:36:37.80376"
"KPEP00000747604402","2026-08-01 09:36:25.973723"
"KPEP00000749177020","2026-08-01 09:34:49.96425"
"KPEP00000751966022","2026-08-08 07:36:17.147754"
"KPEP00000753361129","2026-08-01 09:35:37.085559"
"KPEP00000756382040","2026-08-01 09:35:33.336364"
"KPEP00000759440810","2026-08-01 09:36:24.864171"
"KPEP00000759715931","2026-08-01 09:37:05.900118"
"KPEP00000761445220","2026-08-01 09:34:51.00852"
"KPEP00000762933939","2026-08-01 09:35:11.460239"
"KPEP00000769088614","2026-08-01 09:35:14.716166"
"KPEP00000772132503","2026-08-01 09:36:03.410086"
"KPEP00000773623141","2026-08-01 09:34:55.607654"
"KPEP00000778635618","2026-08-01 09:35:52.848704"
"KPEP00000779803824","2026-08-01 09:34:43.428891"
"KPEP00000781500018","2026-08-01 09:36:19.084363"
"KPEP00000784548309","2026-08-01 09:36:33.325604"
"KPEP00000797371111","2026-08-01 09:35:36.182463"
"KPEP00000800788236","2026-08-01 09:37:07.869795"
"KPEP00000806562731","2026-08-01 09:36:51.75485"
"KPEP00000810263638","2026-08-01 09:35:47.111462"
"KPEP00000814170707","2026-08-01 09:35:30.765319"
"KPEP00000815446135","2026-08-01 09:36:04.186115"
"KPEP00000817882236","2026-08-01 09:35:05.175587"
"KPEP00000819677917","2026-08-01 09:35:19.129008"
"KPEP00000823517727","2026-08-01 09:37:28.055957"
"KPEP00000831576517","2026-08-01 09:35:20.371695"
"KPEP00000837406218","2026-08-01 09:37:25.721035"
"KPEP00000837904402","2026-08-01 09:35:17.258251"
"KPEP00000840228315","2026-08-01 09:35:57.051707"
"KPEP00000840557632","2026-08-01 09:36:36.792385"
"KPEP00000846093131","2026-08-01 09:35:05.84193"
"KPEP00000846587418","2026-08-01 09:36:58.574165"
"KPEP00000847622739","2026-08-01 09:35:04.688178"
"KPEP00000854440105","2026-08-01 09:36:48.46411"
"KPEP00000863305800","2026-08-01 09:37:08.174517"
"KPEP00000866358131","2026-08-01 09:35:06.034478"
"KPEP00000867945226","2026-08-01 09:35:11.673266"
"KPEP00000873037301","2026-08-01 09:36:14.274582"
"KPEP00000878374533","2026-08-01 09:35:11.968317"
"KPEP00000879206032","2026-08-01 09:36:23.939693"
"KPEP00000880397216","2026-08-01 09:36:38.26884"
"KPEP00000883004709","2026-08-01 09:35:04.218362"
"KPEP00000883887315","2026-08-01 09:35:43.133198"
"KPEP00000888337236","2026-08-01 09:36:18.910683"
"KPEP00000902252905","2026-08-01 09:35:04.172553"
"KPEP00000907827012","2026-08-01 09:35:15.584885"
"KPEP00000908253939","2026-08-01 09:34:51.695756"
"KPEP00000909396701","2026-08-01 09:37:12.055984"
"KPEP00000910061614","2026-08-01 09:36:13.166869"
"KPEP00000918190634","2026-08-01 09:35:14.877947"
"KPEP00000919619905","2026-08-01 09:34:57.729433"
"KPEP00000919699806","2026-08-01 09:36:54.115318"
"KPEP00000920456008","2026-08-01 09:34:44.572628"
"KPEP00000929845129","2026-08-01 09:35:01.409492"
"KPEP00000932735840","2026-08-01 09:36:57.777227"
"KPEP00000942376919","2026-08-01 09:35:26.790356"
"KPEP00000942533632","2026-08-01 09:35:59.012413"
"KPEP00000949447135","2026-08-01 09:36:15.233569"
"KPEP00000960901806","2026-08-01 09:35:27.124355"
"KPEP00000961771004","2026-08-01 09:35:02.884665"
"KPEP00000963851317","2026-08-01 09:35:32.838815"
"KPEP00000965242931","2026-08-01 09:35:43.037681"
"KPEP00000965479503","2026-08-01 09:35:19.676233"
"KPEP00000968520505","2026-08-01 09:34:55.423792"
"KPEP00000968981638","2026-08-01 09:35:22.4096"
"KPEP00000970923006","2026-08-01 09:35:22.151807"
"KPEP00000971772012","2026-08-01 09:35:33.510284"
"KPEP00000972032311","2026-08-01 09:37:02.603281"
"KPEP00000975036018","2026-08-01 09:36:56.513026"
"KPEP00000977588709","2026-08-01 09:36:14.922497"
"KPEP00000978811212","2026-07-30 14:07:42.039365"
"KPEP00000983370333","2026-07-29 10:02:34.99182"
"KPEP00000987003434","2026-08-01 09:35:36.180735"
"KPEP00000987346218","2026-08-01 09:34:51.865695"
"KPEP00000989480626","2026-08-01 09:37:29.129211"
"KPEP00000993613022","2026-08-01 09:37:05.099638"
"KPEP00000997803410","2026-08-01 09:35:46.604892"
"KPEP00001000448038","2026-08-01 09:36:40.318427"
"KPEP00001000709911","2026-08-01 09:34:33.380078"
"KPEP00001001342941","2026-08-01 09:35:03.878467"
"KPEP00001003200107","2026-08-01 09:37:10.361774"
"KPEP00001004602040","2026-08-01 09:36:55.382768"
"KPEP00001006118240","2026-08-01 09:36:25.020996"
"KPEP00001009199121","2026-08-01 09:34:30.33935"
"KPEP00001013131634","2026-08-01 09:35:35.521442"
"KPEP00001017063802","2026-08-01 09:35:08.100021"
"KPEP00001019229933","2026-08-01 09:36:47.809275"
"KPEP00001024667014","2026-08-01 09:36:27.053791"
"KPEP00001026029834","2026-08-01 09:36:58.242359"
"KPEP00001029725228","2026-08-01 09:36:17.473867"
"KPEP00001029939428","2026-08-01 09:36:29.287944"
"KPEP00001031344610","2026-08-01 09:35:33.016683"
"KPEP00001031685921","2026-08-01 09:35:06.689607"
"KPEP00001033233903","2026-08-01 09:34:55.770619"
"KPEP00001036164737","2026-08-01 09:35:08.270636"
"KPEP00001036442703","2026-08-01 09:36:02.607598"
"KPEP00001036771313","2026-08-01 09:36:01.037351"
"KPEP00001037636412","2026-08-01 09:34:36.351981"
"KPEP00001037721826","2026-08-01 09:35:52.047028"
"KPEP00001037886636","2026-08-01 09:34:57.019302"
"KPEP00001037909513","2026-08-01 09:35:38.848745"
"KPEP00001038194103","2026-08-01 09:35:24.766244"
"KPEP00001038328200","2026-08-01 09:35:29.212667"
"KPEP00001038368323","2026-08-01 09:35:23.07249"
"KPEP00001038933202","2026-08-01 09:34:28.743551"
"KPEP00001039010620","2026-08-01 09:35:17.289199"
"KPEP00001039056921","2026-08-01 09:35:31.314985"
"KPEP00001039317927","2026-08-01 09:35:47.2897"
"KPEP00001040240917","2026-08-01 09:37:18.038107"
"KPEP00001040406535","2026-08-01 09:36:20.954046"
"KPEP00001040577927","2026-08-01 09:34:57.712254"
"KPEP00001040831341","2026-08-01 09:35:42.552801"
"KPEP00001042100709","2026-08-01 09:37:10.971928"
"KPEP00001042239006","2026-08-01 09:35:15.744769"
"KPEP00001043342941","2026-08-01 09:34:38.944655"
"KPEP00001043365010","2026-08-01 09:35:53.785134"
"KPEP00001043454624","2026-08-01 09:35:24.927817"
"KPEP00001043701010","2026-08-01 09:35:14.211872"
"KPEP00001043850232","2026-08-01 09:35:13.337673"
"KPEP00001043979927","2026-08-01 09:34:52.063594"
"KPEP00001044074406","2026-08-01 09:35:37.636681"
"KPEP00001044140638","2026-08-01 09:34:42.075568"
"KPEP00001044370426","2026-08-01 09:34:37.971833"
"KPEP00001044404834","2026-08-01 09:35:41.520101"
"KPEP00001044555832","2026-08-01 09:37:06.358722"
"KPEP00001044813101","2026-08-01 09:35:23.625169"
"KPEP00001045023505","2026-08-01 09:35:18.78987"
"KPEP00001045366129","2026-08-01 09:34:48.890711"
"KPEP00001045457923","2026-08-01 09:35:22.316867"
"KPEP00001046277226","2026-08-01 09:35:05.177365"
"KPEP00001046526137","2026-08-01 09:34:25.636286"
"KPEP00001046627905","2026-08-01 09:35:20.941662"
"KPEP00001046636911","2026-08-01 09:34:47.579848"
"KPEP00001046751927","2026-08-01 09:34:49.084106"
"KPEP00001046776723","2026-08-01 09:35:07.190154"
"KPEP00001047041525","2026-08-01 09:35:37.963313"
"KPEP00001047187515","2026-08-01 09:35:11.075082"
"KPEP00001047252333","2026-08-01 09:34:48.777494"
"KPEP00001047632311","2026-08-01 09:35:04.979565"
"KPEP00001048493412","2026-08-01 09:36:40.013728"
"KPEP00001048564105","2026-08-01 09:35:50.292236"
"KPEP00001048651539","2026-08-01 09:37:02.296996"
"KPEP00001048910222","2026-08-01 09:35:04.532533"
"KPEP00001049309222","2026-08-01 09:35:08.380658"
"KPEP00001049680901","2026-08-01 09:36:31.338609"
"KPEP00001049741923","2026-08-01 09:35:08.224674"
"KPEP00001050037438","2026-08-01 09:34:57.072834"
"KPEP00001050143608","2026-08-01 09:37:20.63021"
"KPEP00001050376628","2026-08-01 09:35:39.239036"
"KPEP00001050640622","2026-08-01 09:35:19.125943"
"KPEP00001050930422","2026-08-01 09:34:44.062164"
"KPEP00001051497624","2026-08-01 09:36:01.646013"
"KPEP00001051538917","2026-08-01 09:36:09.146854"
"KPEP00001051672711","2026-08-01 09:37:01.050997"
"KPEP00001052139315","2026-08-01 09:36:00.727433"
"KPEP00001052240216","2026-08-01 09:34:32.420974"
"KPEP00001052531127","2026-08-01 09:36:34.278752"
"KPEP00001052659206","2026-08-01 09:36:37.113005"
"KPEP00001052679903","2026-08-01 09:35:33.172874"
"KPEP00001052744923","2026-08-01 09:34:47.223232"
"KPEP00001052764812","2026-08-01 09:36:24.249787"
"KPEP00001054372705","2026-08-01 09:34:59.275867"
"KPEP00001054416725","2026-08-01 09:35:37.564865"
"KPEP00001054768111","2026-08-01 09:35:33.271498"
"KPEP00001054780307","2026-08-01 09:36:16.027894"
"KPEP00001054981806","2026-08-01 09:37:05.726071"
"KPEP00001054994002","2026-08-01 09:36:39.708339"
"KPEP00001055080729","2026-08-01 09:35:50.141789"
"KPEP00001055215634","2026-08-01 09:35:55.631412"
"KPEP00001055290123","2026-08-01 09:35:18.423097"
"KPEP00001055339715","2026-08-01 09:37:19.354085"
"KPEP00001055364814","2026-08-01 09:05:44.971768"
"KPEP00001055512319","2026-08-01 09:37:27.438565"
"KPEP00001055661036","2026-08-01 09:37:24.168787"
"KPEP00001055676523","2026-08-01 09:35:32.633033"
"KPEP00001057904240","2026-08-01 09:34:26.837974"
"KPEP00001058152705","2026-08-01 09:36:19.858913"
"KPEP00001058272729","2026-08-01 09:36:35.363765"
"KPEP00001058285026","2026-08-01 09:36:29.926586"
"KPEP00001058601339","2026-08-01 09:36:53.471288"
"KPEP00001058651234","2026-08-01 09:36:10.055605"
"KPEP00001059071335","2026-08-01 09:34:30.833617"
"KPEP00001059283717","2026-08-01 09:35:14.909035"
"KPEP00001059483541","2026-08-01 09:36:34.125668"
"KPEP00001060179024","2026-08-01 09:35:34.370298"
"KPEP00001060786913","2026-08-01 09:35:26.694942"
"KPEP00001061232012","2026-08-01 09:36:25.663559"
"KPEP00001061414632","2026-08-01 09:36:44.227637"
"KPEP00001061428907","2026-08-01 09:34:25.300317"
"KPEP00001061715416","2026-08-01 09:34:48.196564"
"KPEP00001062016200","2026-08-01 09:35:54.256605"
"KPEP00001062070901","2026-08-01 09:36:45.732222"
"KPEP00001062122008","2026-08-01 09:34:38.32694"
"KPEP00001062368739","2026-08-01 09:36:50.035862"
"KPEP00001062769313","2026-07-30 14:06:29.863172"
"KPEP00001063619026","2026-08-01 09:35:18.788552"
"KPEP00001064745333","2026-08-01 09:36:56.002172"
"KPEP00001064845224","2026-08-01 09:34:33.070047"
"KPEP00001065171107","2026-08-01 09:35:43.683539"
"KPEP00001065471024","2026-08-01 09:36:31.789172"
"KPEP00001065556800","2026-08-01 09:36:01.969674"
"KPEP00001065624707","2026-08-01 09:37:14.857134"
"KPEP00001065967028","2026-08-01 09:37:24.321181"
"KPEP00001066064941","2026-08-01 09:34:48.264135"
"KPEP00001066067929","2026-08-01 09:35:10.249952"
"KPEP00001066400941","2026-08-01 09:37:10.66406"
"KPEP00001066556703","2026-08-01 09:35:55.480962"
"KPEP00001066615040","2026-08-01 09:37:09.757569"
"KPEP00001067248129","2026-08-01 09:37:15.50557"
"KPEP00001067266141","2026-08-01 09:36:56.665007"
"KPEP00001067270602","2026-08-01 09:35:55.023501"
"KPEP00001067365729","2026-08-01 09:37:11.591309"
"KPEP00001067760125","2026-08-01 09:37:17.244583"
"KPEP00001069376519","2026-08-01 09:36:11.878225"
"KPEP00001069394228","2026-08-01 09:36:14.761744"
"KPEP00001070969834","2026-08-01 09:34:13.632912"
"KPEP00001071263834","2026-08-01 09:34:10.717124"
"KPEP00001074724937","2026-08-01 09:36:07.295925"
"KPEP00001081558640","2026-08-01 09:37:21.935291"
"KPEP00001082364131","2026-08-01 09:34:30.984805"
"KPEP00001082516905","2026-08-01 09:34:54.137264"
"KPEP00001082961238","2026-08-01 09:36:45.00027"
"KPEP00001083078131","2026-08-01 09:35:43.82051"
"KPEP00001083124735","2026-08-01 09:35:12.771782"
"KPEP00001083174832","2026-08-01 09:35:49.31563"
"KPEP00001083582535","2026-08-01 09:34:56.68117"
"KPEP00001083600808","2026-08-01 09:35:34.071578"
"KPEP00001083706010","2026-08-01 09:36:22.041898"
"KPEP00001083779329","2026-08-01 09:35:01.578651"
"KPEP00001084080416","2026-08-01 09:35:15.030897"
"KPEP00001084141800","2026-08-01 09:35:39.163492"
"KPEP00001084410036","2026-08-01 09:35:17.630279"
"KPEP00001084903212","2026-08-01 09:34:40.608816"
"KPEP00001085442832","2026-08-01 09:36:08.840863"
"KPEP00001085711834","2026-08-01 09:35:07.428806"
"KPEP00001086127129","2026-08-01 09:34:25.144808"
"KPEP00001087239523","2026-08-01 09:35:46.024233"
"KPEP00001087272820","2026-08-01 09:35:17.419231"
"KPEP00001087563529","2026-08-01 09:35:48.255383"
"KPEP00001087616210","2026-08-01 09:37:17.076703"
"KPEP00001087631133","2026-08-01 09:35:09.668038"
"KPEP00001087657200","2026-08-01 09:35:04.037302"
"KPEP00001087741402","2026-08-01 09:35:00.546528"
"KPEP00001087776113","2026-08-01 09:34:47.415604"
"KPEP00001087780111","2026-08-01 09:36:05.783409"
"KPEP00001087794933","2026-08-01 09:34:57.89162"
"KPEP00001087810622","2026-08-01 09:35:25.425545"
"KPEP00001087816236","2026-08-01 09:36:50.491432"
"KPEP00001087893107","2026-08-01 09:36:54.582177"
"KPEP00001088964511","2026-08-01 09:36:25.816844"
"KPEP00001089176430","2026-08-01 09:36:00.567066"
"KPEP00001090175424","2026-08-01 09:36:04.827653"
"KPEP00001090217626","2026-08-01 09:35:02.164121"
"KPEP00001090480206","2026-08-01 09:36:37.27182"
"KPEP00001091149521","2026-08-01 09:36:47.013195"
"KPEP00001092224822","2026-08-01 09:36:32.403134"
"KPEP00001092226135","2026-08-01 09:35:32.157445"
"KPEP00001092374709","2026-08-01 09:35:10.728152"
"KPEP00001092387713","2026-08-01 09:34:40.957847"
"KPEP00001092660915","2026-08-01 09:35:28.57181"
"KPEP00001093399812","2026-08-01 09:34:55.377664"
"KPEP00001095118319","2026-08-01 09:35:28.093706"
"KPEP00001095553806","2026-08-01 09:35:30.193725"
"KPEP00001095858731","2026-08-01 09:35:46.413363"
"KPEP00001096904834","2026-08-01 09:36:52.05786"
"KPEP00001097665438","2026-08-01 09:36:15.867623"
"KPEP00001097819828","2026-08-01 09:36:28.827555"
"KPEP00001097856517","2026-08-01 09:36:54.423222"
"KPEP00001098106901","2026-08-01 09:35:58.858733"
"KPEP00001098292610","2026-08-01 09:35:17.084079"
"KPEP00001098502105","2026-08-01 09:36:48.7753"
"KPEP00001098631800","2026-08-01 09:35:11.239528"
"KPEP00001098789018","2026-08-01 09:37:26.954072"
"KPEP00001098795701","2026-08-01 09:35:13.989206"
"KPEP00001099047036","2026-08-01 09:34:26.309931"
"KPEP00001099047238","2026-08-01 09:35:38.935765"
"KPEP00001099889216","2026-08-01 09:35:16.264918"
"KPEP00001100200016","2026-08-01 09:34:51.170073"
"KPEP00001100436428","2026-08-01 09:35:32.539302"
"KPEP00001100525638","2026-08-01 09:37:21.78071"
"KPEP00001100576501","2026-08-01 09:37:19.684418"
"KPEP00001100676535","2026-08-01 09:34:57.529735"
"KPEP00001100829511","2026-08-01 09:35:13.018938"
"KPEP00001101096838","2026-08-01 09:35:09.993249"
"KPEP00001101144713","2026-08-01 09:35:54.093945"
"KPEP00001101169004","2026-08-01 09:34:48.936866"
"KPEP00001101788020","2026-08-01 09:36:27.999174"
"KPEP00001102294402","2026-08-01 09:34:50.687271"
"KPEP00001102360129","2026-08-01 09:34:52.074674"
"KPEP00001102410327","2026-08-01 09:35:26.276633"
"KPEP00001102925412","2026-08-01 09:35:10.821269"
"KPEP00001103158533","2026-08-01 09:35:04.326897"
"KPEP00001103352440","2026-08-01 09:35:17.929837"
"KPEP00001103354216","2026-08-01 09:34:26.987562"
"KPEP00001103463719","2026-08-01 09:35:37.405664"
"KPEP00001103919802","2026-08-01 09:34:56.369909"
"KPEP00001104166533","2026-08-01 09:36:09.599486"
"KPEP00001104520907","2026-08-01 09:34:31.143819"
"KPEP00001104735309","2026-08-01 09:35:21.915534"
"KPEP00001105042919","2026-08-01 09:35:30.612929"
"KPEP00001106024810","2026-08-01 09:36:15.552712"
"KPEP00001106044034","2026-08-01 09:35:21.388325"
"KPEP00001106249329","2026-08-01 09:35:03.643673"
"KPEP00001106410200","2026-08-01 09:37:26.344189"
"KPEP00001106468335","2026-08-01 09:36:26.586209"
"KPEP00001106759305","2026-08-01 09:34:45.712656"
"KPEP00001106825840","2026-08-01 09:37:09.151786"
"KPEP00001106908729","2026-08-01 09:37:25.885553"
"KPEP00001106926236","2026-08-01 09:36:22.676328"
"KPEP00001107114428","2026-08-01 09:37:25.411239"
"KPEP00001107138719","2026-08-01 09:35:17.593166"
"KPEP00001107165232","2026-08-01 09:36:46.387771"
"KPEP00001107314715","2026-08-01 09:37:05.410571"
"KPEP00001107316129","2026-08-01 09:35:18.968273"
"KPEP00001107322307","2026-08-01 09:35:34.23491"
"KPEP00001107346135","2026-08-01 09:35:13.992023"
"KPEP00001107503210","2026-08-01 09:37:20.95273"
"KPEP00001107575620","2026-08-01 09:35:35.038515"
"KPEP00001107591107","2026-08-01 09:34:36.839867"
"KPEP00001107595408","2026-08-01 09:35:41.98791"
"KPEP00001107603909","2026-08-01 09:35:15.383282"
"KPEP00001107605020","2026-08-01 09:37:11.292698"
"KPEP00001107683507","2026-08-01 09:35:10.400945"
"KPEP00001107773222","2026-08-01 09:35:32.487165"
"KPEP00001107789315","2026-08-01 09:37:10.818702"
"KPEP00001108025424","2026-08-01 09:35:16.968459"
"KPEP00001108077036","2026-08-01 09:35:46.591091"
"KPEP00001108085840","2026-08-01 09:34:59.783461"
"KPEP00001108451602","2026-08-01 09:37:13.436471"
"KPEP00001108502204","2026-08-01 09:35:31.631576"
"KPEP00001109505339","2026-08-01 09:36:08.232184"
"KPEP00001109528216","2026-08-01 09:36:34.898766"
"KPEP00001110330921","2026-08-01 09:05:45.626653"
"KPEP00001111047202","2026-08-01 09:37:13.897888"
"KPEP00001111053220","2026-08-01 09:36:41.87932"
"KPEP00001111170820","2026-08-01 09:35:24.264437"
"KPEP00001111287107","2026-08-01 09:35:07.598568"
"KPEP00001112969632","2026-08-01 09:35:25.267351"
"KPEP00001113307711","2026-08-01 09:35:25.022305"
"KPEP00001114492414","2026-08-01 09:35:23.878377"
"KPEP00001115361107","2026-08-01 09:35:49.986313"
"KPEP00001117572024","2026-08-01 09:35:59.475513"
"KPEP00001119067224","2026-08-01 09:35:13.274716"
"KPEP00001119069505","2026-08-01 09:35:37.795395"
"KPEP00001119799901","2026-08-01 09:35:53.476629"
"KPEP00001120224000","2026-08-01 09:35:04.374758"
"KPEP00001121900204","2026-08-01 09:36:08.379553"
"KPEP00001122079533","2026-08-01 09:35:47.79299"
"KPEP00001122257204","2026-08-01 09:34:28.570427"
"KPEP00001122723909","2026-08-01 09:35:29.036809"
"KPEP00001122946913","2026-08-01 09:36:09.752893"
"KPEP00001123246830","2026-08-01 09:34:35.0308"
"KPEP00001123266517","2026-08-01 09:34:43.758193"
"KPEP00001123703721","2026-08-01 09:36:48.31497"
"KPEP00001123800220","2026-08-01 09:35:28.675546"
"KPEP00001123940234","2026-08-01 09:34:45.904911"
"KPEP00001124300828","2026-08-01 09:34:58.261278"
"KPEP00001124390139","2026-08-01 09:34:59.242629"
"KPEP00001124390240","2026-08-01 09:36:28.982357"
"KPEP00001124390341","2026-08-01 09:35:37.238309"
"KPEP00001124390501","2026-08-01 09:34:43.27089"
"KPEP00001124390703","2026-08-01 09:36:23.308623"
"KPEP00001124391107","2026-08-01 09:36:14.588554"
"KPEP00001124391208","2026-08-01 09:35:03.220691"
"KPEP00001124391410","2026-08-01 09:34:46.092031"
"KPEP00001124392117","2026-08-01 09:36:38.597289"
"KPEP00001124392521","2026-08-01 09:36:45.327817"
"KPEP00001124392824","2026-08-01 09:34:37.186115"
"KPEP00001124393026","2026-08-01 09:36:11.117691"
"KPEP00001124394541","2026-08-01 09:35:36.031203"
"KPEP00001124394903","2026-08-01 09:34:59.080417"
"KPEP00001124395004","2026-08-01 09:37:07.261878"
"KPEP00001124395105","2026-08-01 09:34:37.501558"
"KPEP00001124395206","2026-08-01 09:35:19.321563"
"KPEP00001124395307","2026-08-01 09:35:34.577573"
"KPEP00001124395509","2026-08-01 09:34:59.429465"
"KPEP00001124412713","2026-08-04 14:13:51.056114"
"KPEP00001124414531","2026-08-01 09:35:41.069242"
"KPEP00001124414935","2026-08-01 09:34:59.768188"
"KPEP00001124415137","2026-08-01 09:37:25.105249"
"KPEP00001124415701","2026-08-01 09:35:31.640726"
"KPEP00001124417418","2026-08-01 09:37:24.951589"
"KPEP00001124417822","2026-08-04 14:14:24.048656"
"KPEP00001124418226","2026-08-04 14:16:02.525661"
"KPEP00001124418832","2026-08-01 09:34:32.576562"
"KPEP00001124419640","2026-08-01 09:34:13.518533"
"KPEP00001124511030","2026-08-01 09:35:29.874252"
"KPEP00001125032032","2026-08-01 09:34:54.179297"
"KPEP00001125055414","2026-08-01 09:35:59.321718"
"KPEP00001125057232","2026-08-01 09:35:40.907333"
"KPEP00001125058040","2026-08-01 09:35:04.826893"
"KPEP00001125243808","2026-08-01 09:35:31.982634"
"KPEP00001125485430","2026-08-01 09:34:48.440975"
"KPEP00001125491103","2026-08-01 09:36:19.554509"
"KPEP00001125493325","2026-08-01 09:36:00.245107"
"KPEP00001125499200","2026-08-01 09:36:07.45113"
"KPEP00001125500715","2026-08-01 09:36:27.530838"
"KPEP00001125541040","2026-08-01 09:34:39.114695"
"KPEP00001125541141","2026-08-01 09:36:30.554329"
"KPEP00001125592105","2026-08-01 09:35:25.08694"
"KPEP00001125637640","2026-08-01 09:36:59.033765"
"KPEP00001125646806","2026-08-04 14:15:44.467367"
"KPEP00001125714006","2026-08-01 09:36:35.677715"
"KPEP00001125728222","2026-08-01 09:34:07.87139"
"KPEP00001125729131","2026-08-04 14:13:41.521685"
"KPEP00001125731816","2026-08-01 09:34:07.68559"
"KPEP00001125733533","2026-08-01 09:37:14.704198"
"KPEP00001125735612","2026-08-01 09:34:08.241117"
"KPEP00001125740418","2026-08-01 09:34:08.433248"
"KPEP00001125740721","2026-08-01 09:35:53.325911"
"KPEP00001125745325","2026-08-01 09:34:54.685117"
"KPEP00001125746032","2026-08-01 09:34:08.050201"
"KPEP00001125746335","2026-08-01 09:34:07.460966"
